"Account Number","Suite","House Number","Street Name","Neighbourhood ID","Neighbourhood","Ward","Assessed Value","Tax Class","Garage","Assessment Class 1","Assessment Class 2","Assessment Class 3","Assessment Class % 1","Assessment Class % 2","Assessment Class % 3","Latitude","Longitude","Point Location"
"1273614",,"14348","115 AVENUE NW","3230","HUFF BREMNER ESTATE INDUSTRIAL","Anirniq","10500","Non Residential","N","COMMERCIAL",,,"100",,,"53.56559301761956","-113.5692501","POINT (-113.56925014047397 53.56559301761956)"
"10879494",,"1020","DANIELS LOOP SW","5463","DESROCHERS AREA","Ipiihkoohkanipiaohtsi","509000","Residential","Y","RESIDENTIAL",,,"100",,,"53.39624185337847","-113.5442194","POINT (-113.54421937745012 53.39624185337847)"
"10060894",,,,"5452","MACEWAN","Ipiihkoohkanipiaohtsi","9500","Residential","N","RESIDENTIAL",,,"100",,,"53.429287831447965","-113.5273562","POINT (-113.52735616472317 53.429287831447965)"
"10701154",,,,"1151","WÎHKWÊNTÔWIN","O-day'min","10500","Residential","N","RESIDENTIAL",,,"100",,,"53.54063446157621","-113.5287722","POINT (-113.52877219429763 53.54063446157621)"
"7289713",,"11363","22 AVENUE NW","5460","SKYRATTLER","Ipiihkoohkanipiaohtsi","221500","Residential","N","RESIDENTIAL",,,"100",,,"53.45197758583612","-113.5241539","POINT (-113.52415393508127 53.45197758583612)"
"2297679",,"12004","135 AVENUE NW","3250","KENSINGTON","Anirniq","317000","Residential","Y","RESIDENTIAL",,,"100",,,"53.59673703435661","-113.528761","POINT (-113.52876103031636 53.59673703435661)"
"10503845","203","508","ALBANY WAY NW","3460","ALBANY","Anirniq","181000","Residential","N","RESIDENTIAL",,,"100",,,"53.62933152605558","-113.5567135","POINT (-113.55671350876294 53.62933152605558)"
"8780009",,"8122","81 AVENUE NW","6360","KING EDWARD PARK","Métis","401000","Residential","Y","RESIDENTIAL",,,"100",,,"53.517309133486805","-113.4531401","POINT (-113.45314005181226 53.517309133486805)"
"9999119",,"9120","159 AVENUE NW","2241","EAUX CLAIRES","tastawiyiniwak","541000","Residential","Y","RESIDENTIAL",,,"100",,,"53.62008456145777","-113.4834418","POINT (-113.4834418239967 53.62008456145777)"
"10797443",,,,"4551","GRANVILLE","sipiwiyiniwak","3000","Residential","N","RESIDENTIAL",,,"100",,,"53.497836006554095","-113.6808242","POINT (-113.68082419822179 53.497836006554095)"
"11278952",,"2512","MUCKLEPLUM COURT SW","6216","THE ORCHARDS AT ELLERSLIE","Karhiio","186000","Residential","N","RESIDENTIAL",,,"100",,,"53.40145519416458","-113.4511196","POINT (-113.45111960851548 53.40145519416458)"
"3926631",,"128","TWIN BROOKS COVE NW","5511","TWIN BROOKS","Ipiihkoohkanipiaohtsi","1163000","Residential","Y","RESIDENTIAL",,,"100",,,"53.44087080607706","-113.5311334","POINT (-113.5311334274067 53.44087080607706)"
"7051006",,"167","TUDOR LANE NW","5490","SWEET GRASS","Ipiihkoohkanipiaohtsi","223000","Residential","Y","RESIDENTIAL",,,"100",,,"53.46281446","-113.5220748","POINT (-113.52207477967346 53.4628144617497)"
"8778201",,"8110","82 AVENUE NW","6320","IDYLWYLDE","Métis","2472000","Non Residential","N","COMMERCIAL",,,"100",,,"53.51835491","-113.4535172","POINT (-113.45351718076057 53.5183549057003)"
"11046294",,"20419","21 AVENUE NW","4468","STILLWATER","sipiwiyiniwak","380000","Residential","Y","RESIDENTIAL",,,"100",,,"53.45260805980078","-113.6718922","POINT (-113.67189222605666 53.45260805980078)"
"10839095",,,,"2251","EBBERS","Dene","10000","Residential","N","RESIDENTIAL",,,"100",,,"53.60907739555738","-113.407534","POINT (-113.40753402663307 53.60907739555738)"
"9295445",,"6716","31A AVENUE NW","6340","KAMEYOSEK","Karhiio","430500","Residential","Y","RESIDENTIAL",,,"100",,,"53.46292526691271","-113.4371305","POINT (-113.4371304787843 53.46292526691271)"
"5199583",,"48","HABITAT CRESCENT NW","2350","HOMESTEADER","Dene","149500","Residential","N","RESIDENTIAL",,,"100",,,"53.590092598346075","-113.4141804","POINT (-113.4141804112312 53.590092598346075)"
"11195195",,"316","33 STREET SW","6669","ALCES","Sspomitapi","599500","Residential","Y","RESIDENTIAL",,,"100",,,"53.429844097786386","-113.392967","POINT (-113.39296699174835 53.429844097786386)"
"9189861",,"5403","94B AVENUE NW","6550","OTTEWELL","Métis","426000","Residential","Y","RESIDENTIAL",,,"100",,,"53.53367035249663","-113.4213436","POINT (-113.42134355137406 53.53367035249663)"
"11305621",,"20832","16 AVENUE NW","4468","STILLWATER","sipiwiyiniwak","133000","Residential","N","RESIDENTIAL",,,"100",,,"53.44811754119492","-113.6778532","POINT (-113.67785316883473 53.44811754119492)"
"10053964","16","7251","67 STREET NW","6160","DAVIES INDUSTRIAL EAST","Métis","392000","Non Residential","N","COMMERCIAL",,,"100",,,"53.50959035358117","-113.4296501","POINT (-113.42965012098978 53.50959035358117)"
"6354054",,"8210","134 AVENUE NW","2290","GLENGARRY","tastawiyiniwak","241500","Residential","Y","RESIDENTIAL",,,"100",,,"53.595566465396914","-113.4685165","POINT (-113.46851648545015 53.595566465396914)"
"10774117","409","5804","MULLEN PLACE NW","5477","MACTAGGART","pihêsiwin","197500","Residential","N","RESIDENTIAL",,,"100",,,"53.43269889188355","-113.5723112","POINT (-113.57231115450062 53.43269889188355)"
"10503794",,,,"3460","ALBANY","Anirniq","4500","Residential","N","RESIDENTIAL",,,"100",,,"53.62933152605558","-113.5567135","POINT (-113.55671350876294 53.62933152605558)"
"1840446",,"9607","184 STREET NW","4240","LA PERLE","Nakota Isga","327500","Residential","N","RESIDENTIAL",,,"100",,,"53.53135199438196","-113.6395354","POINT (-113.63953537908785 53.53135199438196)"
"10035149",,"15535","49 STREET NW","2110","BRINTNELL","Dene","472500","Residential","Y","RESIDENTIAL",,,"100",,,"53.61820443288022","-113.4164681","POINT (-113.4164681408682 53.61820443288022)"
"7463706",,"11114","63 AVENUE NW","5310","PARKALLEN","papastew","1425500","Residential","Y","RESIDENTIAL",,"`","100",,,"53.50031150477119","-113.5172755","POINT (-113.51727549463556 53.50031150477119)"
"9400482",,"1535","KNOTTWOOD ROAD NORTH NW","6200","EKOTA","Karhiio","154500","Residential","N","RESIDENTIAL",,,"100",,,"53.44961027298658","-113.4439843","POINT (-113.44398433371173 53.44961027298658)"
"3769122",,"147","CARLSON CLOSE NW","5130","CARTER CREST","pihêsiwin","503000","Residential","Y","RESIDENTIAL",,,"100",,,"53.467737682162365","-113.5799872","POINT (-113.57998723267497 53.467737682162365)"
"3875408","302","6220","FULTON ROAD NW","6240","FULTON PLACE","Métis","311000","Residential","N","RESIDENTIAL",,,"100",,,"53.545930053170125","-113.4274885","POINT (-113.42748847442923 53.545930053170125)"
"1102441",,,,"2671","MARQUIS","Dene","86000","Non Residential","N","COMMERCIAL",,,"100",,,"53.661484851629446","-113.3495017","POINT (-113.34950172410734 53.661484851629446)"
"10385370",,"3685","CLAXTON PLACE SW",,"CHAPPELLE AREA",,"598500","Residential","Y","RESIDENTIAL",,,"100",,,"53.40263372270937","-113.575087","POINT (-113.57508700153207 53.40263372270937)"
"9816489",,"2040","49 STREET NW","6580","POLLARD MEADOWS","Sspomitapi","455000","Residential","Y","RESIDENTIAL",,,"100",,,"53.45233555360262","-113.4173673","POINT (-113.41736734746598 53.45233555360262)"
"10123447",,"4282","SAVARYN DRIVE SW","6213","SUMMERSIDE","Karhiio","860000","Residential","Y","RESIDENTIAL",,,"100",,,"53.414195922481845","-113.4754464","POINT (-113.4754464157005 53.414195922481845)"
"10781522",,,,"1090","DOWNTOWN","O-day'min","40500","Residential","N","RESIDENTIAL",,,"100",,,"53.544025059054675","-113.4979249","POINT (-113.49792489729086 53.544025059054675)"
"6961569",,"11014","163A AVENUE NW","3280","LORELEI","tastawiyiniwak","345500","Residential","Y","RESIDENTIAL",,,"100",,,"53.624511870598866","-113.510311","POINT (-113.51031098347809 53.624511870598866)"
"10116910",,,,"2145","CLAREVIEW TOWN CENTRE","Dene","4000","Residential","N","RESIDENTIAL",,,"100",,,"53.60340851606247","-113.4129852","POINT (-113.41298520665991 53.60340851606247)"
"7837289",,"4023","109 STREET NW","5360","RIDEAU PARK","papastew","508500","Residential","Y","RESIDENTIAL",,,"100",,,"53.476935247130655","-113.5123337","POINT (-113.5123337054988 53.476935247130655)"
"10276427",,"15875","13 AVENUE SW","5578","GLENRIDDING HEIGHTS","pihêsiwin","620000","Residential","Y","RESIDENTIAL",,,"100",,,"53.42143740401625","-113.5955738","POINT (-113.59557380413702 53.42143740401625)"
"8206641",,,,"5480","STRATHCONA","papastew","5500","Residential","N","RESIDENTIAL",,,"100",,,"53.52670301881698","-113.4872575","POINT (-113.48725748574157 53.52670301881698)"
"1797976",,"18136","81 AVENUE NW","4020","ALDERGROVE","Nakota Isga","182500","Residential","N","RESIDENTIAL",,,"100",,,"53.51583567787658","-113.6364505","POINT (-113.63645053029202 53.51583567787658)"
"3909025","607","10011","116 STREET NW","1151","WÎHKWÊNTÔWIN","O-day'min","129000","Residential","N","RESIDENTIAL",,,"100",,,"53.53917476135466","-113.5207748","POINT (-113.5207748043492 53.53917476135466)"
"10852243",,"11534","78 AVENUE NW","5290","MCKERNAN","papastew","930500","Residential","Y","RESIDENTIAL",,,"100",,,"53.51442086578586","-113.5307716","POINT (-113.53077163013323 53.51442086578586)"
"11143554",,,,"5480","STRATHCONA","papastew","401500","Residential","N","RESIDENTIAL",,,"100",,,"53.523286043691606","-113.4926515","POINT (-113.49265149848968 53.523286043691606)"
"4218228","126","15499","CASTLE DOWNS ROAD NW","3040","BEAUMARIS","tastawiyiniwak","215500","Residential","N","RESIDENTIAL",,,"100",,,"53.61706874341815","-113.5152132","POINT (-113.51521316003542 53.61706874341815)"
"8856973",,"7123","81 STREET NW","6020","AVONMORE","Métis","423000","Residential","Y","RESIDENTIAL",,,"100",,,"53.50808165100782","-113.451569","POINT (-113.45156897061256 53.50808165100782)"
"10937639",,,,"5570","WINDERMERE","pihêsiwin","13000","Residential","N","RESIDENTIAL",,,"100",,,"53.441388943084796","-113.6188104","POINT (-113.61881037306505 53.441388943084796)"
"9993256",,"2913","31 STREET NW","6442","SILVER BERRY","Sspomitapi","407000","Residential","Y","RESIDENTIAL",,,"100",,,"53.46020090106356","-113.3841566","POINT (-113.38415655140523 53.46020090106356)"
"10235362",,"448","CHAPPELLE DRIVE SW",,"CHAPPELLE AREA",,"370000","Residential","Y","RESIDENTIAL",,,"100",,,"53.40393004298779","-113.5678516","POINT (-113.5678516219571 53.40393004298779)"
"11225974",,"13010","32 AVENUE SW",,"HERITAGE VALLEY TOWN CENTRE AREA",,"95500","Non Residential","N","COMMERCIAL",,,"100",,,"53.40807055303925","-113.5471122","POINT (-113.54711220168379 53.40807055303925)"
"11095888",,"6625","CRAWFORD LANDING SW",,"CHAPPELLE AREA",,"518500","Residential","Y","RESIDENTIAL",,,"100",,,"53.40016680675737","-113.5966601","POINT (-113.59666008306914 53.40016680675737)"
"10967311",,"18345","82 STREET NW","4017","ANTHONY HENDAY LAKE DISTRICT","tastawiyiniwak","41000","Farmland","N","FARMLAND",,,"100",,,"53.64455194685895","-113.4605418","POINT (-113.46054178811768 53.64455194685895)"
"11141892",,"18403","82 STREET NW","4017","ANTHONY HENDAY LAKE DISTRICT","tastawiyiniwak","16500","Farmland","N","FARMLAND",,,"100",,,"53.64690859826558","-113.4611479","POINT (-113.46114789524049 53.64690859826558)"
"1070002",,"2503","184 STREET SW",,"WINDERMERE AREA",,"749000","Farmland","N","FARMLAND","FARMLAND",,"99","1",,"53.408468979454675","-113.6330568","POINT (-113.63305684247251 53.408468979454675)"
"10137395",,"203","34 STREET NW",,"ANTHONY HENDAY SOUTHEAST",,"4000","Farmland","N","FARMLAND",,,"100",,,"53.43617984","-113.3877158","POINT (-113.387715831137 53.4361798413497)"
"10185036",,"16204","FORT ROAD NW","2311","GORMAN","Dene","6635500","Non Residential","N","COMMERCIAL","COMMERCIAL","COMMERCIAL","60","36","2","53.62368517514903","-113.3875703","POINT (-113.38757026968716 53.62368517514903)"
"10408263",,"5004","167 AVENUE NW","2522","MCCONACHIE","Dene","11789500","Non Residential","N","COMMERCIAL","COMMERCIAL",,"80","20",,"53.629290705038876","-113.4136901","POINT (-113.41369013914394 53.629290705038876)"
"1105055",,"19003","50 STREET NW","2681","EDMONTON ENERGY AND TECHNOLOGY PARK","Dene","785000","Non Residential","N","COMMERCIAL","COMMERCIAL","FARMLAND","66","28","6","53.65410037475252","-113.4118799","POINT (-113.41187989503675 53.65410037475252)"
"1143940",,"15780","18 STREET NW","2311","GORMAN","Dene","909000","Non Residential","N","COMMERCIAL","COMMERCIAL","FARMLAND","82","17","1","53.61933854126302","-113.3708101","POINT (-113.3708100512346 53.61933854126302)"
"10884779",,"4620","127 STREET SW","8887","EDMONTON SOUTH CENTRAL","Ipiihkoohkanipiaohtsi","2591500","Non Residential","Y","COMMERCIAL","RESIDENTIAL","FARMLAND","60","38","1","53.38939854","-113.5449511","POINT (-113.54495107545203 53.3893985414988)"
"1113976",,"11531","231 STREET NW","4670","WINTERBURN INDUSTRIAL AREA WEST","Nakota Isga","19712500","Non Residential","N","COMMERCIAL","RESIDENTIAL","FARMLAND","87","12","1","53.566152148844566","-113.7073823","POINT (-113.70738225651779 53.566152148844566)"
"11071658",,"203","34 STREET SW","6669","ALCES","Sspomitapi","2097000","Non Residential","N","COMMERCIAL","RESIDENTIAL","FARMLAND","57","41","2","53.430941429011696","-113.3827554","POINT (-113.3827553501184 53.430941429011696)"
"1104603",,"17020","112 STREET NW","3080","CANOSSA","Anirniq","1689000","Farmland","Y","FARMLAND","RESIDENTIAL","FARMLAND","98","1","1","53.631751945347304","-113.5182726","POINT (-113.51827255614648 53.631751945347304)"
"1248574",,"18021","ELLERSLIE ROAD SW","5570","WINDERMERE","pihêsiwin","1983000","Farmland","N","FARMLAND","RESIDENTIAL","FARMLAND","56","42","1","53.42293588039187","-113.6330302","POINT (-113.63303022648046 53.42293588039187)"
"1100130",,"210","161 AVENUE NW","2690","RURAL NORTH EAST SOUTH STURGEON","Dene","736500","Residential","Y","RESIDENTIAL","RESIDENTIAL","FARMLAND","98","1","1","53.62384821742907","-113.3462306","POINT (-113.34623064801283 53.62384821742907)"
"6758775",,"13723","93 STREET NW","2580","NORTHMOUNT","tastawiyiniwak","732500","Non Residential","Y","COMMERCIAL","RESIDENTIAL",,"50","50",,"53.60070131164446","-113.4845882","POINT (-113.48458819381943 53.60070131164446)"
"6448658",,"13402","66 STREET NW","2230","DELWOOD","tastawiyiniwak","838000","Non Residential","N","COMMERCIAL","RESIDENTIAL",,"79","21",,"53.595705162255214","-113.4434486","POINT (-113.4434486454478 53.595705162255214)"
"1072495",,"5840","17 STREET NW",,"SOUTHEAST (ANNEXED) INDUSTRIAL",,"5134000","Non Residential","Y","COMMERCIAL","RESIDENTIAL",,"91","9",,"53.495046991215915","-113.3728928","POINT (-113.37289277133287 53.495046991215915)"
"3927159",,"12523","126 STREET NW","3220","HAGMANN ESTATE INDUSTRIAL","Anirniq","747500","Farmland","N","FARMLAND","RESIDENTIAL",,"59","41",,"53.581685780360914","-113.539017","POINT (-113.53901699358047 53.581685780360914)"
"1103621",,"22704","18 STREET NW","2681","EDMONTON ENERGY AND TECHNOLOGY PARK","Dene","40500","Farmland","N","FARMLAND","RESIDENTIAL",,"61","39",,"53.68878927019392","-113.3752539","POINT (-113.37525387794881 53.68878927019392)"
"1102664",,"20304","18 STREET NW","2681","EDMONTON ENERGY AND TECHNOLOGY PARK","Dene","77000","Farmland","N","FARMLAND","RESIDENTIAL",,"61","39",,"53.66864010282293","-113.3748432","POINT (-113.37484323092569 53.66864010282293)"
"10707259",,"5303","174 AVENUE NW","2522","MCCONACHIE","Dene","610500","Residential","Y","RESIDENTIAL","RESIDENTIAL",,"85","15",,"53.63491446623286","-113.4223313","POINT (-113.4223313084834 53.63491446623286)"
"1102425",,"810","HORSEHILLS ROAD NW","2681","EDMONTON ENERGY AND TECHNOLOGY PARK","Dene","1797000","Residential","Y","RESIDENTIAL","RESIDENTIAL",,"56","44",,"53.66380687","-113.3540756","POINT (-113.35407563800999 53.6638068666532)"
"9983274",,"2708","195 AVENUE NW","2681","EDMONTON ENERGY AND TECHNOLOGY PARK","Dene","1442500","Residential","Y","RESIDENTIAL","RESIDENTIAL",,"88","12",,"53.65875063274747","-113.3823565","POINT (-113.38235651206715 53.65875063274747)"
"11149874",,"16408","34 AVENUE SW","5579","GLENRIDDING RAVINE","pihêsiwin, Ipiihkoohkanipiaohtsi","869000","Residential","Y","RESIDENTIAL",,,"100",,,"53.404826989736584","-113.6076988","POINT (-113.6076988087951 53.404826989736584)"
"11149875",,"16407","34 AVENUE SW","5579","GLENRIDDING RAVINE","pihêsiwin, Ipiihkoohkanipiaohtsi","711000","Residential","Y","RESIDENTIAL",,,"100",,,"53.404341045902996","-113.6077193","POINT (-113.60771926615126 53.404341045902996)"
"11149876",,"850","GLENRIDDING RAVINE WYND SW","5579","GLENRIDDING RAVINE","pihêsiwin, Ipiihkoohkanipiaohtsi","1500","Non Residential","N","COMMERCIAL",,,"100",,,"53.404119704546304","-113.6079065","POINT (-113.60790652095852 53.404119704546304)"
